Timestamp,Room,Type,locked,Data1,Data2,Data3,Data4,Data5,Data6,Data7,Data8,Data9,Data10,Data0,Mat1,Mat2,Mat3,Mat4,Mat5,Mat6,Mat7,Mat8,Mat9,Mat10,Mat0
4/4/2021 10:23:34,DORM - Dorms,Small locker,No,,,,,,,,,,,,Graphien,Circuit Switch,Ion Bettery,,,,,,,,
4/4/2021 10:49:58,SEC - Security,Data port,,Settlement Assault Plans,,,,,,,,,,,Aerogel,,,,,,,,,,
4/4/2021 10:58:21,SEC - Security,Small locker,No,,,,,,,,,,,,Optical Lens,Graphien,Epoxy Adhesive,,,,,,,,
4/4/2021 13:30:46,SEC - Security,Small locker,No,,,,,,,,,,,,Micro Thrusters,Ion Bettery,,,,,,,,,
4/4/2021 13:31:56,SEC - Security,Small locker,Yes,,,,,,,,,,,,Personal Documents,Surveillance Equipment,,,,,,,,,
4/4/2021 13:32:58,SEC - Security,Small locker,Yes,,,,,,,,,,,,G-Meds,G-Meds,Insight,Personal Computer,,,,,,,
4/4/2021 13:35:14,OPR - Operations,Small locker,No,,,,,,,,,,,,Optical Fiber,Micro Transformer,Electrical Fuse,Memory Chip,,,,,,,
4/4/2021 13:47:59,PROC - Production,Small locker,Yes,,,,,,,,,,,,Inertia Canister,,,,,,,,,,
4/4/2021 13:50:58,PROC - Production,Small locker,No,,,,,,,,,,,,Chemical Superbase,,,,,,,,,,Tungsten Carbide
4/4/2021 13:52:05,Lab - Laboratory,Small locker,No,,,,,,,,,,,,Scrambler,,,,,,,,,,
4/4/2021 13:53:06,Lab - Laboratory,Small locker,Yes,,,,,,,,,,,,Insight,Insight Data Bank,Deep Mantle Sample,Personal Computer,,,,,,,
4/4/2021 13:54:51,Lab - Laboratory,Small locker,Yes,,,,,,,,,,,,Compression-Liquified Gas,Insight Data Bank,,,,,,,,,
4/4/2021 13:56:51,Lab - Laboratory,Large Locker,No,,,,,,,,,,,,Graphien,Graphien,Graphien,Ion Bettery,Ion Bettery,Circuit Switch,Circuit Switch,Metal Coil,Optical Lens,Encrypted Memory Chip,
4/4/2021 13:58:40,Lab - Laboratory,Small locker,No,,,,,,,,,,,,Micro Supercapacitor,Chemical Superbase,Electromagnet,,,,,,,,
4/4/2021 14:02:25,Lab - Laboratory,Large Locker,No,,,,,,,,,,,,Optical Lens,Optical Lens,Ion Bettery,Epoxy Adhesive,,Metal Coil,Graphien,Memory Chip,,,
4/4/2021 14:04:14,Lab - Laboratory,Small locker,Yes,,,,,,,,,,,,Deep Mantle Sample,Ionised Gas,,,,,,,,,
4/4/2021 14:04:28,PROC - Production,Small locker,No,,,,,,,,,,,,RDX,,,,,,,,,,
4/4/2021 14:04:54,PROC - Production,Small locker,No,,,,,,,,,,,,Micro Transformer,,,,,,,,,,
4/4/2021 14:07:35,PROC - Production,Large Locker,No,,,,,,,,,,,,Weapon Component,Circuit Board,Metal Coil,Motor,Micro Transformer,Metal Coil,Micro Hydraulics,,,,Tungsten Carbide
4/4/2021 14:08:27,PROC - Production,Small locker,Yes,,,,,,,,,,,,Compression-Liquified Gas,,,,,,,,,,
4/4/2021 14:20:31,SEC - Security,Small locker,No,,,,,,,,,,,,Transmitter,Scrambler,RDX,,,,,,,,
4/4/2021 14:21:09,SEC - Security,Small locker,No,,,,,,,,,,,,Graphien,Graphien,Encrypted Memory Chip,Weapon Component,,,,,,,
4/4/2021 14:21:50,SEC - Security,Small locker,Yes,,,,,,,,,,,,G-Meds,,,,,,,,,,
4/4/2021 14:22:14,SEC - Security,Small locker,Yes,,,,,,,,,,,,Insight Data Bank,Insight Data Bank,,,,,,,,,
4/4/2021 14:26:31,SEC - Security,Small locker,No,,,,,,,,,,,,Epoxy Adhesive,Memory Chip,Optical Lens,,,,,,,,
4/4/2021 14:27:13,SEC - Security,Small locker,Yes,,,,,,,,,,,,Infinity,Infinity,Universal Translator,Insight Data Bank,,,,,,,
4/4/2021 14:28:06,OPR - Operations,Small locker,No,,,,,,,,,,,,Electromagnet,Electrical Wiring,,,,,,,,,
4/4/2021 14:28:32,OPR - Operations,Small locker,No,,,,,,,,,,,,Optical Fiber,Encrypted Memory Chip,,,,,,,,,
4/4/2021 14:28:54,OPR - Operations,Small locker,No,,,,,,,,,,,,Circuit Board,,,,,,,,,,
4/4/2021 14:31:44,PROC - Production,Large Locker,No,,,,,,,,,,,,Metal Coil,Metal Coil,Micro Hydraulics,Weapon Component,Weapon Component,Micro Transformer,Chemical Superbase,,,,
4/4/2021 14:32:24,PROC - Production,Small locker,Yes,,,,,,,,,,,,Genetic Repair Meds,Ionised Gas,G-Meds,G-Meds,,,,,,,
4/4/2021 14:33:11,PROC - Production,Small locker,Yes,,,,,,,,,,,,G-Meds,Chemical Sample,Inertia Canister,,,,,,,,
4/4/2021 14:34:47,PROC - Production,Small locker,No,,,,,,,,,,,,Carbon Fibre Plating,Carbon Fibre Plating,Weapon Component,Circuit Board,,,,,,,
4/4/2021 14:35:20,PROC - Production,Small locker,No,,,,,,,,,,,,Microelectrode,Electrical Wiring,,,,,,,,,
4/4/2021 14:36:18,Lab - Laboratory,Small locker,No,,,,,,,,,,,,RDX,,,,,,,,,,
4/4/2021 14:42:00,Lab - Laboratory,Large Locker,No,,,,,,,,,,,,Graphien,Metal Coil,Circuit Switch,Ion Bettery,Encrypted Memory Chip,Optical Lens,Epoxy Adhesive,,,,
4/4/2021 14:42:32,Lab - Laboratory,Small locker,No,,,,,,,,,,,,RDX,Viscoelastic Polymer,,,,,,,,,
4/4/2021 14:43:21,Lab - Laboratory,Small locker,Yes,,,,,,,,,,,,Microbial Inhibitor,Insight,Compression-Liquified Gas,,,,,,,,
4/4/2021 14:44:49,Lab - Laboratory,Large Locker,No,,,,,,,,,,,,Memory Chip,Memory Chip,Memory Chip,Memory Chip,Optical Lens,Optical Lens,Graphien,Graphien,Circuit Switch,Circuit Switch,
4/4/2021 14:46:13,PROC - Production,Small locker,Yes,,,,,,,,,,,,Genetic Repair Meds,Inertia Canister,G-Meds,G-Meds,,,,,,,
4/4/2021 14:47:00,PROC - Production,Small locker,Yes,,,,,,,,,,,,Ionised Gas,Ionised Gas,Chemical Sample,,,,,,,,
4/4/2021 14:47:43,PROC - Production,Large Locker,No,,,,,,,,,,,,Titanium Plating,Circuit Board,Motor,,,,,,,,
4/4/2021 14:48:18,PROC - Production,Small locker,No,,,,,,,,,,,,Carbon Fibre Plating,,,,,,,,,,
4/4/2021 21:21:05,Lab - Laboratory,Data port,No,Chemical Patents,Chemical Patents,Virology Data,Pharmaceutical Patents,,,,,,,,,,,,,,,,,,
4/4/2021 21:24:33,PROC - Production,Data port,,Manufacturing Instructions,Chemical Patents,Chemical Inventory,Chemical Patents,,,,,,,,,,,,,,,,,,
4/4/2021 22:20:02,PWR - Power,Data port,No,Accident logs,,,,,,,,,,,,,,,,,,,,,
4/4/2021 22:26:02,DORM - Dorms,Small locker,No,,,,,,,,,,,,Memory Chip,Encrypted Memory Chip,,,,,,,,,
4/4/2021 22:27:04,DORM - Dorms,Small locker,No,,,,,,,,,,,,Encrypted Memory Chip,Encrypted Memory Chip,Epoxy Adhesive,Circuit Switch,,,,,,,
4/4/2021 22:27:57,DORM - Dorms,Small locker,No,,,,,,,,,,,,Ion Bettery,Memory Chip,,,,,,,,,
4/4/2021 22:29:14,DORM - Dorms,Small locker,No,,,,,,,,,,,,Ion Bettery,Ion Bettery,Graphien,Memory Chip,,,,,,,
4/4/2021 22:29:53,DORM - Dorms,Large Locker,No,,,,,,,,,,,,Graphien,,,,,,,,,,
4/4/2021 22:30:22,DORM - Dorms,Small locker,No,,,,,,,,,,,,Memory Chip,,,,,,,,,,
4/4/2021 22:30:49,DORM - Dorms,Small locker,No,,,,,,,,,,,,Memory Chip,Metal Coil,,,,,,,,,
4/4/2021 22:32:36,DORM - Dorms,Yellow Container,Yes,,,,,,,,,,,,Insight Entertainment Suite,Personal Documents,G-Meds,,,,,,,,
4/4/2021 22:34:30,DORM - Dorms,Large Locker,No,,,,,,,,,,,,Metal Coil,Metal Coil,Optical Lens,Circuit Board,Encrypted Memory Chip,Epoxy Adhesive,Memory Chip,Ion Bettery,,,
4/4/2021 22:38:24,DORM - Dorms,Data port,No,Tax Records,Accident logs,,,,,,,,,Employment History, Personal Logs, Faction Donator List,,,,,,,,,,,
4/4/2021 22:39:34,DORM - Dorms,Small locker,No,,,,,,,,,,,,Metal Coil,Epoxy Adhesive,Epoxy Adhesive,Circuit Switch,,,,,,,
4/4/2021 22:39:49,DORM - Dorms,Small locker,No,,,,,,,,,,,,Optical Lens,,,,,,,,,,
4/4/2021 22:41:35,DORM - Dorms,Large Locker,No,,,,,,,,,,,,Memory Chip,Encrypted Memory Chip,Encrypted Memory Chip,Circuit Switch,Circuit Switch,Epoxy Adhesive,Ion Bettery,Optical Lens,,,
4/4/2021 22:44:07,DORM - Dorms,Yellow Container,Yes,,,,,,,,,,,,Insight Data Bank,Universal Translator,,,,,,,,,
4/4/2021 22:44:35,DORM - Dorms,Small locker,No,,,,,,,,,,,,Metal Coil,,,,,,,,,,
4/4/2021 22:44:59,DORM - Dorms,Large Locker,No,,,,,,,,,,,,Encrypted Memory Chip,,,,,,,,,,
4/4/2021 22:45:31,DORM - Dorms,Small locker,No,,,,,,,,,,,,Encrypted Memory Chip,Ion Bettery,,,,,,,,,
4/4/2021 22:45:49,DORM - Dorms,Small locker,No,,,,,,,,,,,,Memory Chip,,,,,,,,,,
4/4/2021 22:47:06,MED - Medical,Small locker,No,,,,,,,,,,,,PH Neutraliser,Micro Transformer,Chemical Superbase,Chemical Superbase,,,,,,,
4/4/2021 22:48:49,(CORR) - Corridor (blank doors),Small locker,No,,,,,,,,,,,,Ion Bettery,Ion Bettery,Circuit Switch,Circuit Switch,,,,,,,
4/4/2021 22:51:41,(CORR) - Corridor (blank doors),Yellow Container,Yes,,,,,,,,,,,,Infinity,G-Meds,Insight Entertainment Suite,Compact Library,,,,,,,
4/4/2021 22:54:15,SEC - Security,Data port,No,Combat Training Meterial,,,,,,,,,,Weapon Test Data,,,,,,,,,,,
4/4/2021 22:55:15,SEC - Security,Small locker,No,,,,,,,,,,,,Transmitter,,,,,,,,,,
4/4/2021 22:55:59,SEC - Security,Large Locker,No,,,,,,,,,,,,Optical Lens,Ion Bettery,Epoxy Adhesive,,,,,,,,
4/4/2021 22:56:23,SEC - Security,Small locker,No,,,,,,,,,,,,Encrypted Memory Chip,Encrypted Memory Chip,,,,,,,,,
4/4/2021 22:58:04,OPR - Operations,Small locker,No,,,,,,,,,,,,Electromagnet,,,,,,,,,,
4/4/2021 22:58:35,OPR - Operations,Small locker,Yes,,,,,,,,,,,,Ship Schematic,Compact Library,,,,,,,,,
4/4/2021 22:59:02,OPR - Operations,Small locker,No,,,,,,,,,,,,Transmitter,Transmitter,,,,,,,,,
4/4/2021 23:00:08,(CORR) - Corridor (blank doors),Small locker,No,,,,,,,,,,,,Metal Coil,Memory Chip,Optical Lens,Ion Bettery,,,,,,,
4/4/2021 23:03:13,STO - Storage,Data port,No,Exploration Journals,Meeting Minutes,Production Schedule,,,,,,,,,,,,,,,,,,,
4/4/2021 23:04:05,STO - Storage,Small locker,No,,,,,,,,,,,,RDX,,,,,,,,,,
4/4/2021 23:04:39,STO - Storage,Small locker,No,,,,,,,,,,,,Micro Thrusters,Epoxy Adhesive,Circuit Switch,,,,,,,,
4/4/2021 23:05:26,STO - Storage,Small locker,No,,,,,,,,,,,,Metal Coil,Metal Coil,Optical Fiber,,,,,,,,
4/4/2021 23:07:41,STO - Storage,Small locker,No,,,,,,,,,,,,Optical Fiber,,,,,,,,,,
4/4/2021 23:07:54,STO - Storage,Small locker,No,,,,,,,,,,,,Electromagnet,,,,,,,,,,
4/4/2021 23:42:07,PWR - Power,Data port,No,Air Quality Reports,Radioactivity Data,,,,,,,,,,,,,,,,,,,,
4/4/2021 23:45:43,PROC - Production,Large Locker,No,,,,,,,,,,,,Micro Thrusters,Micro Hydraulics,Motor,,,,,,,,Tungsten Carbide
4/4/2021 23:47:20,PROC - Production,Small locker,Yes,,,,,,,,,,,,G-Meds,Inertia Canister,G-Meds,Compression-Liquified Gas,,,,,,,
4/4/2021 23:48:19,PROC - Production,Small locker,Yes,,,,,,,,,,,,Inertia Canister,,,,,,,,,,
4/4/2021 23:50:41,SEC - Security,Small locker,Yes,,,,,,,,,,,,Insight Data Bank,,,,,,,,,,
4/4/2021 23:51:06,SEC - Security,Small locker,Yes,,,,,,,,,,,,Surveillance Equipment,,,,,,,,,,
4/4/2021 23:51:52,SEC - Security,Small locker,No,,,,,,,,,,,,Graphien,Graphien,Scrambler,Viscoelastic Polymer,,,,,,,
4/4/2021 23:52:08,SEC - Security,Small locker,No,,,,,,,,,,,,Weapon Component,,,,,,,,,,
4/4/2021 23:52:47,SEC - Security,Data port,No,,,,,,,,,,,Security Plans,,,,,,,,,,,
4/4/2021 23:54:54,OPR - Operations,Small locker,No,,,,,,,,,,,,Micro Transformer,Micro Transformer,Transmitter,,,,,,,,
4/4/2021 23:55:33,OPR - Operations,Small locker,No,,,,,,,,,,,,Memory Chip,Micro Supercapacitor,Micro Supercapacitor,,,,,,,,
4/5/2021 0:43:34,PWR - Power,Small locker,No,,,,,,,,,,,,Titanium Plating,,,,,,,,,,
4/5/2021 0:44:06,PWR - Power,Small locker,No,,,,,,,,,,,,Aerogel,Ion Bettery,,,,,,,,,
4/5/2021 0:55:11,OPR - Operations,Large Locker,Yes,,,,,,,,,,,,Buildings Schematic,Suit Schematic,Weapon Schematic,Surveillance Equipment,Weapon Schematic,Buildings Schematic,Compact Library,,,,
4/5/2021 1:00:39,SEC - Security,Small locker,No,,,,,,,,,,,,Graphien,Graphien,Weapon Component,,,,,,,,
4/5/2021 1:02:30,SEC - Security,Large Locker,No,,,,,,,,,,,,Graphien,Graphien,Metal Coil,Metal Coil,Metal Coil,Metal Coil,Circuit Switch,Circuit Switch,Ion Bettery,,
4/5/2021 1:04:37,PROC - Production,Data port,No,Chemical Inventory,Exploration Journals,Production Reports,Sales Records,,,,,,,,,,,,,,,,,,
4/5/2021 1:06:10,Lab - Laboratory,Data port,No,Financial Projections,Maintenance Logs,Meeting Minutes,Operational Manual,Purchase Requests,,,,,,,,,,,,,,,,,
4/5/2021 1:06:57,Lab - Laboratory,Data port,No,,,,,,,,,,,Blood Test Results,,,,,,,,,,,
4/5/2021 1:11:09,PROC - Production,Data port,,Chemical Inventory,Evacuation Protocols,,,,,,,,,,,,,,,,,,,,
4/5/2021 1:12:39,PROC - Production,Data port,,Evacuation Protocols,Manufacturing Instructions,,,,,,,,,,,,,,,,,,,,
4/5/2021 1:13:27,PROC - Production,Data port,,Evacuation Protocols,Purchase Requests,,,,,,,,,,,,,,,,,,,,
4/5/2021 1:14:10,Lab - Laboratory,Data port,,Reactor Output Review,,,,,,,,,,,,,,,,,,,,,
4/5/2021 1:18:07,PROC - Production,Data port,,Duty Rota,Purchase Records,,,,,,,,,,,,,,,,,,,,
4/5/2021 1:19:29,PROC - Production,Data port,,Duty Rota,Faction News,Production Schedule,Purchase Requests,,,,,,,,,,,,,,,,,,
4/5/2021 1:20:10,PROC - Production,Data port,,Chemical Experiment Data,Maintenance Logs,,,,,,,,,,,,,,,,,,,,
4/5/2021 1:21:26,Lab - Laboratory,Data port,,Chemical Experiment Data,Manufacturing Instructions,,,,,,,,,Hydroponic Data,,,,,,,,,,,
4/5/2021 1:26:33,PROC - Production,Data port,,Evacuation Protocols,Financial Projections,Meeting Minutes,Production Schedule,,,,,,,,,,,,,,,,,,
4/5/2021 1:27:36,PROC - Production,Data port,,Chemical Inventory,Operational Manual,,,,,,,,,,,,,,,,,,,,
4/5/2021 1:28:28,PROC - Production,Data port,,Exploration Journals,Purchase Records,Purchase Requests,Union Membership,Union Membership,,,,,,,,,,,,,,,,,
4/5/2021 1:29:09,Lab - Laboratory,Data port,,Chemical Patents,,,,,,,,,,,,,,,,,,,,,
4/5/2021 1:34:43,PROC - Production,Data port,,Manufacturing Instructions,,,,,,,,,,,,,,,,,,,,,
4/5/2021 1:35:57,PROC - Production,Data port,,Chemical Inventory,,,,,,,,,,,,,,,,,,,,,
4/5/2021 1:37:13,PROC - Production,Data port,,Air Quality Reports,Chemical Formulae,Chemical Inventory,Production Schedule,Production Schedule,,,,,,,,,,,,,,,,,
4/5/2021 1:38:20,Lab - Laboratory,Data port,,Gene Sequencing,,,,,,,,,,Blood test results,,,,,,,,,,,
4/5/2021 1:39:21,PWR - Power,Data port,,Evacuation Protocols,Radioactivity Data,Reactor Output Review,,,,,,,,,,,,,,,,,,,
4/5/2021 1:42:19,PROC - Production,Data port,,Chemical Inventory,,,,,,,,,,,,,,,,,,,,,
4/5/2021 1:43:27,PROC - Production,Data port,,Evacuation Protocols,Exploration Journals,Purchase Records,,,,,,,,,,,,,,,,,,,
4/5/2021 1:43:59,PROC - Production,Data port,,Chemical Experiment Data,Production Reports,,,,,,,,,,,,,,,,,,,,
4/5/2021 1:44:51,Lab - Laboratory,Data port,,Stellar Activity Logs,,,,,,,,,,,,,,,,,,,,,
4/5/2021 1:45:43,PWR - Power,Data port,,Air Quality Reports,Radioactivity Data,,,,,,,,,,,,,,,,,,,,
4/5/2021 1:48:26,PROC - Production,Data port,,Duty Rota,Operational Manual,,,,,,,,,,,,,,,,,,,,
4/5/2021 1:48:52,Lab - Laboratory,Small locker,No,,,,,,,,,,,,Graphien,Micro Supercapacitor,,,,,,,,,
4/5/2021 1:49:29,PROC - Production,Data port,,Faction News,Production Schedule,,,,,,,,,,,,,,,,,,,,
4/5/2021 1:49:52,PROC - Production,Data port,,Financial Projections,,,,,,,,,,,,,,,,,,,,,
4/5/2021 1:50:20,Lab - Laboratory,Small locker,Yes,,,,,,,,,,,,Degraded Power Regulator,Ionised Gas,Compact Library,,,,,,,,
4/5/2021 1:51:00,Lab - Laboratory,Data port,,,,,,,,,,,,Atmospheric Data ,,,,,,,,,,,
4/5/2021 2:01:30,Lab - Laboratory,Data port,,,,,,,,,,,,Seed Genaology,,,,,,,,,,,
4/5/2021 21:48:04,OPR - Operations,Small locker,Yes,,,,,,,,,,,,Weapon Schematic,Suit Schematic,Ship Schematic,,,,,,,,
4/6/2021 0:22:09,DORM - Dorms,Yellow Container,No,,,,,,,,,,,,Circuit Board,Micro Thrusters,Weapon Component,Weapon Schematic,,,,,,,
4/6/2021 0:34:14,PROC - Production,Data port,,Manufacturing Instructions,,,,,,,,,,,,,,,,,,,,,
4/6/2021 0:36:37,DORM - Dorms,Small locker,No,,,,,,,,,,,,Graphien,Metal Coil,Epoxy Adhesive,Ion Bettery,Memory Chip,,,,,,
4/6/2021 0:38:08,Lab - Laboratory,Small locker,No,,,,,,,,,,,,Motor,Carbon Fibre Plating,Oxygenic Bacteria,,,,,,,,
4/6/2021 0:38:56,MED - Medical,Small locker,No,,,,,,,,,,,,Epinephrine,,,,,,,,,,
4/6/2021 0:40:55,SEC - Security,Data port,No,Biometric Data,Conflict History,Faction News,,,,,,,,Faction Donatorlist,,,,,,,,,,,
4/6/2021 0:46:16,Lab - Laboratory,Large Locker,No,,,,,,,,,,,,Graphien,Metal Coil,Optical Lens,Epoxy Adhesive,Memory Chip,Ion Bettery,,,,,
4/6/2021 1:33:29,STO - Storage,Large Locker,Yes,,,,,,,,,,,,Ship Schematic,Suit Schematic,Weapon Schematic,Suit Schematic,Motor,Micro Thrusters,,,,,Vehicle Schematic
4/6/2021 2:38:58,DORM - Dorms,Large Locker,No,,,,,,,,,,,,Circuit Switch,Encrypted Memory Chip,Circuit Switch,Metal Coil,Encrypted Memory Chip,,,,,,
4/6/2021 2:39:31,DORM - Dorms,Small locker,No,,,,,,,,,,,,Encrypted Memory Chip,Memory Chip,,,,,,,,,
4/6/2021 2:40:07,DORM - Dorms,Small locker,No,,,,,,,,,,,,Encrypted Memory Chip,Encrypted Memory Chip,Ion Bettery,,,,,,,,
4/6/2021 2:41:08,DORM - Dorms,Small locker,No,,,,,,,,,,,,Memory Chip,,,,,,,,,,
4/6/2021 3:00:41,AGR - Agricultural,Small locker,Yes,,,,,,,,,,,,Buildings Schematic,Graphien,Graphien,,,,,,,,
4/6/2021 4:55:52,AGR - Agricultural,Large Locker,No,,,,,,,,,,,,G-Meds,Metal Coil,,,,,,,,,
4/6/2021 5:37:22,SEC - Security,Small locker,Yes,,,,,,,,,,,,Personal Documents,,,,,,,,,,
4/6/2021 5:38:03,SEC - Security,Small locker,Yes,,,,,,,,,,,,Surveillance Equipment,,,,,,,,,,
4/6/2021 5:38:46,SEC - Security,Small locker,No,,,,,,,,,,,,RDX,Scrambler,,,,,,,,,
4/6/2021 6:04:18,Lab - Laboratory,Small locker,Yes,,,,,,,,,,,,Compression-Liquified Gas,Compact Library,,,,,,,,,
4/6/2021 6:04:56,Lab - Laboratory,Small locker,No,,,,,,,,,,,,Oxygenic Bacteria,Memory Chip,,,,,,,,,
4/6/2021 6:06:02,Lab - Laboratory,Large Locker,No,,,,,,,,,,,,Metal Coil,Optical Lens,Ion Bettery,,,,,,,,
4/6/2021 6:08:29,PROC - Production,Small locker,No,,,,,,,,,,,,Electrical Wiring,Circuit Board,,,,,,,,,
4/6/2021 6:09:03,PROC - Production,Small locker,No,,,,,,,,,,,,Motor,Microelectrode,Circuit Board,Micro Supercapacitor,,,,,,,
4/6/2021 6:10:21,PROC - Production,Data port,No,Chemical Patents,Meeting Minutes,,,,,,,,,,,,,,,,,,,,
4/6/2021 6:11:55,PROC - Production,Large Locker,No,,,,,,,,,,,,RDX,Titanium Plating,Micro Transformer,Micro Hydraulics,Weapon Component,,,,,,
4/6/2021 6:12:48,PROC - Production,Yellow Container,Yes,,,,,,,,,,,,G-Meds,Universal Translator,Insight Data Bank,Personal Documents,,,,,,,
4/6/2021 6:14:32,PROC - Production,Data port,No,Faction News,,,,,,,,,,,,,,,,,,,,,
4/6/2021 6:16:09,Lab - Laboratory,Small locker,Yes,,,,,,,,,,,,Microbial Inhibitor,Deep Mantle Sample,,,,,,,,,
4/6/2021 6:26:31,PROC - Production,Small locker,No,,,,,,,,,,,,Micro Thrusters,,,,,,,,,,
4/6/2021 6:27:06,PROC - Production,Small locker,No,,,,,,,,,,,,Carbon Fibre Plating,Carbon Fibre Plating,Aerogel,Micro Thrusters,,,,,,,
4/6/2021 6:28:32,PROC - Production,Data port,No,Accident logs,Air Quality Reports,Chemical Experiment Data,Exploration Journals,Union Membership,,,,,,,,,,,,,,,,,
4/6/2021 6:31:58,PROC - Production,Small locker,Yes,,,,,,,,,,,,Compression-Liquified Gas,Inertia Canister,,,,,,,,,
4/6/2021 6:32:37,PROC - Production,Small locker,Yes,,,,,,,,,,,,G-Meds,G-Meds,,,,,,,,,
4/6/2021 6:43:16,SEC - Security,Data port,No,AX Combat Data,Duty Rota,,,,,,,,,Combat Performance,,,,,,,,,,,
4/6/2021 11:49:28,DORM - Dorms,Small locker,No,,,,,,,,,,,,Graphien,Encrypted Memory Chip,Optical Lens,,,,,,,,
4/6/2021 11:50:58,DORM - Dorms,Small locker,No,,,,,,,,,,,,Memory Chip,Encrypted Memory Chip,Optical Lens,,,,,,,,
4/6/2021 11:52:49,DORM - Dorms,Small locker,No,,,,,,,,,,,,Ion Bettery,Circuit Switch,Graphien,,,,,,,,
4/6/2021 11:53:57,DORM - Dorms,Large Locker,No,,,,,,,,,,,,Memory Chip,Graphien,Epoxy Adhesive,Ion Bettery,Metal Coil,Circuit Switch,Optical Lens,,,,
4/6/2021 21:24:02,PROC - Production,Data port,No,Accident logs,Chemical Formulae,Purchase Requests,,,,,,,,,,,,,,,,,,,
4/6/2021 21:25:39,PROC - Production,Small locker,Yes,,,,,,,,,,,,Genetic Repair Meds,Genetic Repair Meds,Inertia Canister,Inertia Canister,,,,,,,
4/6/2021 21:27:22,PROC - Production,Small locker,No,,,,,,,,,,,,Micro Supercapacitor,Circuit Board,Motor,Circuit Switch,,,,,,,
4/6/2021 21:29:14,(CORR) - Corridor (blank doors),Yellow Container,Yes,,,,,,,,,,,,Personal Computer,Insight Entertainment Suite,Infinity,Insight Data Bank,Insight Data Bank,Personal Computer,,,,,
4/6/2021 21:30:34,Lab - Laboratory,Data port,No,Meeting Minutes,,,,,,,,,,,,,,,,,,,,,
4/6/2021 21:31:37,PROC - Production,Small locker,Yes,,,,,,,,,,,,G-Meds,G-Meds,Compression-Liquified Gas,Inertia Canister,,,,,,,
4/6/2021 21:33:38,PROC - Production,Large Locker,No,,,,,,,,,,,,Circuit Switch,Motor,Motor,Micro Transformer,Circuit Switch,Circuit Board,,,,,
4/6/2021 21:35:07,PROC - Production,Small locker,No,,,,,,,,,,,,Micro Transformer,,,,,,,,,,
4/6/2021 21:36:35,Lab - Laboratory,Small locker,No,,,,,,,,,,,,Chemical Catalyst,Chemical Catalyst,Encrypted Memory Chip,Memory Chip,,,,,,,
4/6/2021 21:37:03,Lab - Laboratory,Small locker,Yes,,,,,,,,,,,,Inertia Canister,Inertia Canister,,,,,,,,,
4/6/2021 21:39:34,Lab - Laboratory,Large Locker,No,,,,,,,,,,,,Optical Lens,Circuit Switch,Memory Chip,Memory Chip,Circuit Switch,Circuit Switch,Circuit Switch,Ion Bettery,Ion Bettery,Encrypted Memory Chip,Memory Chip
4/6/2021 21:41:25,Lab - Laboratory,Data port,No,Accident logs,Exploration Journals,Maintenance Logs,Stellar Activity Logs,,,,,,,,,,,,,,,,,,
4/6/2021 21:43:08,Lab - Laboratory,Large Locker,No,,,,,,,,,,,,Encrypted Memory Chip,Ion Bettery,Epoxy Adhesive,Memory Chip,Memory Chip,Metal Coil,Memory Chip,Memory Chip,Epoxy Adhesive,,
4/6/2021 21:49:52,PROC - Production,Data port,No,Chemical Experiment Data,Chemical Inventory,Duty Rota,Maintenance Logs,,,,,,,,,,,,,,,,,,
4/6/2021 21:51:41,PROC - Production,Small locker,Yes,,,,,,,,,,,,Chemical Sample,Inertia Canister,Compression-Liquified Gas,Compression-Liquified Gas,,,,,,,
4/6/2021 21:52:16,PROC - Production,Small locker,Yes,,,,,,,,,,,,Genetic Repair Meds,,,,,,,,,,
4/6/2021 21:54:01,(CORR) - Corridor (blank doors),Yellow Container,No,,,,,,,,,,,,Ion Bettery,Encrypted Memory Chip,Circuit Switch,Memory Chip,Memory Chip,Epoxy Adhesive,,,,,
4/6/2021 21:55:12,Lab - Laboratory,Data port,No,Accident logs,Manufacturing Instructions,Production Reports,Purchase Requests,Union Membership,,,,,,,,,,,,,,,,,
4/6/2021 21:56:57,PROC - Production,Small locker,Yes,,,,,,,,,,,,G-Meds,G-Meds,G-Meds,Chemical Sample,,,,,,,
4/6/2021 21:58:41,PROC - Production,Large Locker,No,,,,,,,,,,,,Microelectrode,Motor,Circuit Board,Micro Hydraulics,Metal Coil,Micro Thrusters,Circuit Switch,,,,
4/6/2021 21:59:10,PROC - Production,Small locker,Yes,,,,,,,,,,,,Ionised Gas,Ionised Gas,Compression-Liquified Gas,G-Meds,,,,,,,
4/6/2021 22:00:43,Lab - Laboratory,Large Locker,No,,,,,,,,,,,,Memory Chip,Circuit Switch,Circuit Switch,,,,,,,,
4/6/2021 22:01:22,Lab - Laboratory,Small locker,Yes,,,,,,,,,,,,Ionised Gas,Inertia Canister,Deep Mantle Sample,,,,,,,,
4/6/2021 22:02:45,Lab - Laboratory,Small locker,Yes,,,,,,,,,,,,Microbial Inhibitor,Insight Data Bank,Ionised Gas,,,,,,,,
4/6/2021 22:04:16,Lab - Laboratory,Data port,No,,,,,,,,,,,Topographical Surveys, Vaccination Records,,,,,,,,,,,
4/6/2021 22:05:39,Lab - Laboratory,Small locker,No,,,,,,,,,,,,Chemical Catalyst,Epinephrine,Oxygenic Bacteria,PH Neutraliser,,,,,,,
4/6/2021 22:07:12,Lab - Laboratory,Large Locker,No,,,,,,,,,,,,Encrypted Memory Chip,Circuit Switch,Metal Coil,Ion Bettery,Encrypted Memory Chip,Circuit Switch,Encrypted Memory Chip,Ion Bettery,Memory Chip,Memory Chip,
4/6/2021 22:10:04,OPR - Operations,Small locker,No,,,,,,,,,,,,Metal Coil,Encrypted Memory Chip,Encrypted Memory Chip,Circuit Switch,,,,,,,
4/6/2021 22:10:30,OPR - Operations,Small locker,Yes,,,,,,,,,,,,Universal Translator,,,,,,,,,,
4/6/2021 22:11:28,OPR - Operations,Small locker,No,,,,,,,,,,,,Encrypted Memory Chip,Encrypted Memory Chip,,,,,,,,,
4/6/2021 22:13:59,Lab - Laboratory,Large Locker,No,,,,,,,,,,,,Memory Chip,Ion Bettery,Graphien,,,,,,,,
4/6/2021 22:19:55,(CORR) - Corridor (blank doors),Yellow Container,No,,,,,,,,,,,,Circuit Switch,Epoxy Adhesive,Circuit Switch,Memory Chip,Graphien,,,,,,
4/6/2021 22:20:57,PROC - Production,Data port,No,Sales Records,,,,,,,,,,,,,,,,,,,,,
4/6/2021 22:22:31,PROC - Production,Small locker,No,,,,,,,,,,,,Weapon Component,Circuit Board,Electrical Wiring,Circuit Switch,,,,,,,
4/6/2021 22:23:53,(CORR) - Corridor (blank doors),Yellow Container,Yes,,,,,,,,,,,,Universal Translator,Nutritional Concentrate,Compact Library,Infinity,Insight Entertainment Suite,,,,,,
4/6/2021 22:24:32,(CORR) - Corridor (blank doors),Yellow Container,No,,,,,,,,,,,,Metal Coil,Circuit Switch,Encrypted Memory Chip,Circuit Switch,,,,,,,
4/6/2021 22:25:58,(CORR) - Corridor (blank doors),Data port,No,Faction News,Maintenance Logs,Purchase Requests,Union Membership,,,,,,,,,,,,,,,,,,
4/6/2021 22:27:26,PROC - Production,Small locker,Yes,,,,,,,,,,,,G-Meds,Compression-Liquified Gas,Compression-Liquified Gas,Ionised Gas,,,,,,,
4/6/2021 22:28:48,PROC - Production,Small locker,Yes,,,,,,,,,,,,Compression-Liquified Gas,Compression-Liquified Gas,Inertia Canister,,,,,,,,
4/6/2021 22:30:41,Lab - Laboratory,Large Locker,No,,,,,,,,,,,,Circuit Switch,Epoxy Adhesive,Circuit Switch,Memory Chip,Memory Chip,,,,,,
4/6/2021 22:31:11,Lab - Laboratory,Small locker,Yes,,,,,,,,,,,,Deep Mantle Sample,,,,,,,,,,
4/6/2021 22:32:05,Lab - Laboratory,Small locker,Yes,,,,,,,,,,,,Insight Data Bank,G-Meds,,,,,,,,,
4/6/2021 22:33:08,Lab - Laboratory,Data port,No,Gene Sequencing,Manufacturing Instructions,Production Schedule,Risk Assessments,,,,,,,,,,,,,,,,,,
4/6/2021 22:35:08,Lab - Laboratory,Small locker,Yes,,,,,,,,,,,,G-Meds,,,,,,,,,,
4/6/2021 22:35:42,Lab - Laboratory,Large Locker,No,,,,,,,,,,,,Epoxy Adhesive,Memory Chip,Circuit Switch,,,,,,,,
4/6/2021 22:40:48,AGR - Agricultural,Large Locker,No,,,,,,,,,,,,Chemical Catalyst,Chemical Catalyst,Optical Fiber,Motor,Oxygenic Bacteria,,,,,,
4/6/2021 22:43:55,AGR - Agricultural,Large Locker,Yes,,,,,,,,,,,,Microbial Inhibitor,Genetic Sample,Nutritional Concentrate,Inertia Canister,Synthetic Genome,Microbial Inhibitor,Microbial Inhibitor,Microbial Inhibitor,Nutritional Concentrate,Genetic Sample,
4/6/2021 22:44:49,(CORR) - Corridor (blank doors),Data port,No,Faction News,Meeting Minutes,Purchase Records,,,,,,,,,,,,,,,,,,,
4/6/2021 22:44:56,AGR - Agricultural,Small locker,Yes,,,,,,,,,,,,Nutritional Concentrate,Microbial Inhibitor,,,,,,,,,
4/6/2021 22:46:00,PROC - Production,Small locker,Yes,,,,,,,,,,,,Ionised Gas,Chemical Sample,Inertia Canister,Inertia Canister,,,,,,,
4/6/2021 22:46:02,AGR - Agricultural,Data port,,Exploration Journals,Financial Projections,Sales Records,,,,,,,,Geological data,,,,,,,,,,,
4/6/2021 22:46:49,PROC - Production,Large Locker,No,,,,,,,,,,,,Micro Transformer,Motor,Electrical Wiring,Micro Transformer,,,,,,,
4/6/2021 22:47:50,(CORR) - Corridor (blank doors),Small locker,No,,,,,,,,,,,,Chemical Superbase,Circuit Board,Motor,,,,,,,,
4/6/2021 22:48:24,(CORR) - Corridor (blank doors),Small locker,No,,,,,,,,,,,,Micro Hydraulics,Circuit Switch,Circuit Switch,Chemical Superbase,,,,,,,
4/6/2021 22:49:49,(CORR) - Corridor (blank doors),Yellow Container,Yes,,,,,,,,,,,,Insight Entertainment Suite,Compact Library,Insight Entertainment Suite,Infinity,Insight Data Bank,Universal Translator,,,,,
4/6/2021 22:51:02,(CORR) - Corridor (blank doors),Data port,No,Manufacturing Instructions,Manufacturing Instructions,Meeting Minutes,Purchase Records,Sales Records,,,,,,,,,,,,,,,,,
4/6/2021 22:51:08,AGR - Agricultural,Small locker,Yes,,,,,,,,,,,,Nutritional Concentrate,Synthetic Genome,Inertia Canister,,,,,,,,
4/6/2021 22:52:05,AGR - Agricultural,Small locker,No,,,,,,,,,,,,Epinephrine,Microelectrode,Viscoelastic Polymer,Epinephrine,,,,,,,
4/6/2021 22:52:54,PROC - Production,Large Locker,No,,,,,,,,,,,,Titanium Plating,Circuit Switch,Circuit Board,Circuit Switch,Chemical Superbase,Circuit Switch,Chemical Superbase,Circuit Switch,,,
4/6/2021 22:53:27,AGR - Agricultural,Large Locker,No,,,,,,,,,,,,PH Neutraliser,Micro Transformer,Viscoelastic Polymer,Microelectrode,Microelectrode,Oxygenic Bacteria,,,,,
4/6/2021 22:53:49,Lab - Laboratory,Large Locker,No,,,,,,,,,,,,Encrypted Memory Chip,Memory Chip,,,,,,,,,
4/6/2021 22:54:29,Lab - Laboratory,Small locker,No,,,,,,,,,,,,Scrambler,Scrambler,Viscoelastic Polymer,Oxygenic Bacteria,,,,,,,
4/6/2021 22:55:17,AGR - Agricultural,Large Locker,Yes,,,,,,,,,,,,Nutritional Concentrate,Nutritional Concentrate,Microbial Inhibitor,Inertia Canister,Inertia Canister,Synthetic Genome,Genetic Sample,,Inertia Canister,Nutritional Concentrate,
4/6/2021 22:55:39,Lab - Laboratory,Small locker,Yes,,,,,,,,,,,,Insight Data Bank,Deep Mantle Sample,G-Meds,Ionised Gas,,,,,,,
4/6/2021 22:55:54,AGR - Agricultural,Small locker,Yes,,,,,,,,,,,,Microbial Inhibitor,,,,,,,,,,
4/6/2021 22:56:44,Lab - Laboratory,Large Locker,No,,,,,,,,,,,,Epoxy Adhesive,Metal Coil,Epoxy Adhesive,Encrypted Memory Chip,,,,,,,
4/6/2021 22:57:17,Lab - Laboratory,Data port,No,Duty Rota,Duty Rota,Purchase Records,,,,,,,,,,,,,,,,,,,
4/6/2021 22:58:45,Lab - Laboratory,Small locker,No,,,,,,,,,,,,Chemical Catalyst,Encrypted Memory Chip,Scrambler,,,,,,,,
4/6/2021 22:59:59,Lab - Laboratory,Large Locker,No,,,,,,,,,,,,Memory Chip,Encrypted Memory Chip,Ion Bettery,Ion Bettery,Encrypted Memory Chip,Epoxy Adhesive,Circuit Switch,Circuit Switch,Circuit Switch,Encrypted Memory Chip,
4/6/2021 23:11:40,PWR - Power,Data port,,Union Membership,,,,,,,,,,,,,,,,,,,,,
4/6/2021 23:14:38,PROC - Production,Data port,,Chemical Experiment Data,Chemical Patents,Chemical Patents,Purchase Records,,,,,,,,,,,,,,,,,,
4/6/2021 23:15:37,PROC - Production,Data port,,Chemical Experiment Data,Duty Rota,Faction News,Production Reports,Production Schedule,,,,,,,,,,,,,,,,,
4/6/2021 23:19:42,Lab - Laboratory,Large Locker,No,,,,,,,,,,,,Micro Hydraulics,Carbon Fibre Plating,Aerogel,Micro Transformer,Micro Transformer,,,Micro Thrusters,Circuit Switch,RDX,tungsten carbide
4/6/2021 23:21:06,Lab - Laboratory,Small locker,Yes,,,,,,,,,,,,Ionised Gas,Compression-Liquified Gas,Inertia Canister,,,,,,,,
4/6/2021 23:21:31,Lab - Laboratory,Small locker,Yes,,,,,,,,,,,,Compression-Liquified Gas,Compression-Liquified Gas,Ionised Gas,G-Meds,,,,,,,
4/6/2021 23:23:28,Lab - Laboratory,Large Locker,No,,,,,,,,,,,,Graphien,Metal Coil,Metal Coil,Ion Bettery,Memory Chip,Memory Chip,,,,,
4/6/2021 23:24:29,Lab - Laboratory,Data port,,Faction News,,,,,,,,,,plantgrowthcharts,,,,,,,,,,,
4/6/2021 23:25:29,Lab - Laboratory,Small locker,Yes,,,,,,,,,,,,G-Meds,G-Meds,Ionised Gas,,,,,,,,
4/6/2021 23:27:15,PROC - Production,Data port,,Air Quality Reports,,,,,,,,,,,,,,,,,,,,,
4/6/2021 23:28:01,PROC - Production,Small locker,,,,,,,,,,,,,,,,,,,,,,,
4/6/2021 23:28:26,PROC - Production,Small locker,No,,,,,,,,,,,,Motor,Electrical Wiring,,,,,,,,,
4/6/2021 23:29:04,Lab - Laboratory,Small locker,Yes,,,,,,,,,,,,G-Meds,G-Meds,Inertia Canister,,,,,,,,
4/6/2021 23:29:51,Lab - Laboratory,Small locker,Yes,,,,,,,,,,,,Ionised Gas,Inertia Canister,Chemical Sample,,,,,,,,
4/6/2021 23:33:52,SEC - Security,Data port,,Internal Correspondence,Blacklist Data,,,,,,,,,surveilleance logs,,,,,,,,,,,
4/6/2021 23:34:20,SEC - Security,Small locker,No,,,,,,,,,,,,RDX,Ion Bettery,,,,,,,,,
4/6/2021 23:35:00,SEC - Security,Small locker,Yes,,,,,,,,,,,,Insight Data Bank,Surveillance Equipment,,,,,,,,,
4/6/2021 23:36:27,(CORR) - Corridor (blank doors),Small locker,Yes,,,,,,,,,,,,G-Meds,Insight Entertainment Suite,Insight Data Bank,,,,,,,,
4/6/2021 23:37:01,OPR - Operations,Small locker,No,,,,,,,,,,,,Scrambler,Transmitter,,,,,,,,,
4/6/2021 23:37:27,OPR - Operations,Small locker,No,,,,,,,,,,,,Electromagnet,,,,,,,,,,
4/6/2021 23:55:21,PWR - Power,Data port,,Duty Rota,Maintenance Logs,,,,,,,,,,,,,,,,,,,,
4/6/2021 23:56:21,PROC - Production,Data port,,Maintenance Logs,Manufacturing Instructions,Operational Manual,Purchase Records,,,,,,,,,,,,,,,,,,
4/6/2021 23:57:28,PROC - Production,Data port,,Accident logs,Chemical Patents,Chemical Patents,Chemical Patents,Purchase Records,,,,,,,,,,,,,,,,,
4/6/2021 23:58:42,Lab - Laboratory,Small locker,Yes,,,,,,,,,,,,Genetic Repair Meds,Ionised Gas,Compression-Liquified Gas,,,,,,,,
4/7/2021 0:03:09,SEC - Security,Data port,,,,,,,,,,,,settlement defenceplans,,,,,,,,,,,
4/7/2021 7:17:42,DORM - Dorms,Data port,,Campaign Plans,,,,,,,,,,,,,,,,,,,,,
4/7/2021 7:18:59,AGR - Agricultural,Data port,,Accident logs,Financial Projections,,,,,,,,,,,,,,,,,,,,
4/7/2021 7:24:12,AGR - Agricultural,Small locker,No,,,,,,,,,,,,Viscoelastic Polymer,,,,,,,,,,
4/7/2021 7:25:05,AGR - Agricultural,Small locker,Yes,,,,,,,,,,,,Synthetic Genome,Microbial Inhibitor,,,,,,,,,
4/7/2021 7:26:57,AGR - Agricultural,Small locker,Yes,,,,,,,,,,,,Genetic Sample,Nutritional Concentrate,Nutritional Concentrate,,,,,,,,
4/7/2021 7:52:27,DORM - Dorms,Large Locker,Yes,,,,,,,,,,,,G-Meds,G-Meds,Optical Lens,Personal Computer,Transmitter,Metal Coil,,,,,
4/7/2021 12:27:12,SEC - Security,Data port,,,,,,,,,,,,Ballistics Data,,,,,,,,,,,
4/7/2021 19:17:50,SEC - Security,Data port,,,,,,,,,,,,Combat Performance,,,,,,,,,,,
4/7/2021 19:18:09,SEC - Security,Data port,,,,,,,,,,,,Fleet Registry,,,,,,,,,,,
4/7/2021 19:18:32,SEC - Security,Data port,,,,,,,,,,,,Settlement Defence Plans,,,,,,,,,,,
4/7/2021 21:07:23,PROC - Production,Data port,No,Meeting Minutes,Sales Records,Manufacturing Instructions,Manufacturing Instructions,Union Membership,,,,,,,,,,,,,,,,,
4/7/2021 21:08:20,PROC - Production,Data port,No,Chemical Formulae,Duty Rota,Duty Rota,Evacuation Protocols,Chemical Experiment Data,,,,,,,,,,,,,,,,,
4/7/2021 21:13:04,PROC - Production,Data port,,Chemical Experiment Data,,,,,,,,,,,,,,,,,,,,,
4/7/2021 21:14:09,PROC - Production,Small locker,No,,,,,,,,,,,,Electrical Wiring,Electrical Wiring,,,,,,,,,
4/7/2021 21:14:31,PROC - Production,Small locker,No,,,,,,,,,,,,,,,,,,,,,,
4/7/2021 21:15:36,PROC - Production,Small locker,Yes,,,,,,,,,,,,Inertia Canister,G-Meds,,,,,,,,,
4/7/2021 21:16:45,PROC - Production,Small locker,Yes,,,,,,,,,,,,Ionised Gas,Chemical Sample,Genetic Repair Meds,,,,,,,,
4/7/2021 21:17:31,PROC - Production,Large Locker,No,,,,,,,,,,,,Metal Coil,,,,,,,,,,
4/7/2021 21:19:27,(CORR) - Corridor (blank doors),Small locker,No,,,,,,,,,,,,Graphien,Encrypted Memory Chip,Circuit Switch,Ion Bettery,,,,,,,
